time;Temperature history
0.0000000000000000 ;22.0000000000000000
1.0000000000000000 ;22.0652156848048691
2.0000000000000000 ;22.2559875927436650
3.0000000000000000 ;22.5653497865648092
4.0000000000000000 ;22.9867625798889463
5.0000000000000000 ;23.5140732771059646
6.0000000000000000 ;24.1414803959978030
7.0000000000000000 ;24.8635010814376471
8.0000000000000000 ;25.6749414246006609
9.0000000000000000 ;26.5708694864136703
10.0000000000000000 ;27.5465907890869062
11.0000000000000000 ;28.5976260131823352
12.0000000000000000 ;29.7196907842756701
13.0000000000000000 ;30.9086773650019921
14.0000000000000000 ;32.1606380526318816
15.0000000000000000 ;33.4717701640563945
16.0000000000000000 ;34.8384024997346842
17.0000000000000000 ;36.2569831190846799
18.0000000000000000 ;37.7240683373123034
19.0000000000000000 ;39.2363128452604570
20.0000000000000000 ;40.7904608526938262
21.0000000000000000 ;42.3833381834191982
22.0000000000000000 ;44.0118452010757863
23.0000000000000000 ;45.6729505327384686
24.0000000000000000 ;47.3636855300397173
25.0000000000000000 ;49.0811393897832318
26.0000000000000000 ;50.8224548409809103
27.0000000000000000 ;52.5848244102088671
28.0000000000000000 ;54.3654871951240182
29.0000000000000000 ;56.1617260867560475
30.0000000000000000 ;57.9708654229571607
31.0000000000000000 ;59.7902689999536250
32.0000000000000000 ;61.6173384656786993
33.0000000000000000 ;63.4495120195002613
34.0000000000000000 ;65.2842633982351828
35.0000000000000000 ;67.1191011086159079
36.0000000000000000 ;68.9515679306107785
37.0000000000000000 ;70.7792406252287094
38.0000000000000000 ;72.5997298073514230
39.0000000000000000 ;74.4106800531557155
40.0000000000000000 ;76.2097701152047051
41.0000000000000000 ;77.9947133003328759
42.0000000000000000 ;79.7632579777864805
43.0000000000000000 ;81.5131881667329026
44.0000000000000000 ;83.2423242734312225
45.0000000000000000 ;84.9485238857974707
46.0000000000000000 ;86.6296826521823959
47.0000000000000000 ;88.2837352148680452
48.0000000000000000 ;89.9086561951615124
49.0000000000000000 ;91.5024612661757430
50.0000000000000000 ;93.0632082254812758
51.0000000000000000 ;94.5889981018971469
52.0000000000000000 ;96.0779762977086307
53.0000000000000000 ;97.5283337510295780
54.0000000000000000 ;98.9383080883479806
55.0000000000000000 ;100.3061847892787739
56.0000000000000000 ;101.6302983878752286
57.0000000000000000 ;102.9090336170877151
58.0000000000000000 ;104.1408265592419014
59.0000000000000000 ;105.3241657870044037
60.0000000000000000 ;106.4575934776489703
61.0000000000000000 ;107.5397065369019458
62.0000000000000000 ;108.5691576439908914
63.0000000000000000 ;109.5446563009527949
64.0000000000000000 ;110.4649698417234021
65.0000000000000000 ;111.3289243858715309
66.0000000000000000 ;112.1354058085626235
67.0000000000000000 ;112.8833606054821104
68.0000000000000000 ;113.5717967465838996
69.0000000000000000 ;114.1997844910653868
70.0000000000000000 ;114.7664571280320160
71.0000000000000000 ;115.2710116812890817
72.0000000000000000 ;115.7127095653842161
73.0000000000000000 ;116.0908771997090270
74.0000000000000000 ;116.4049065348263383
75.0000000000000000 ;116.6542555559054364
76.0000000000000000 ;116.8384487095915745
77.0000000000000000 ;116.9570772861435586
78.0000000000000000 ;117.0097997366545144
79.0000000000000000 ;116.9963419079829094
80.0000000000000000 ;116.9164972563361005
81.0000000000000000 ;116.7701269870692471
82.0000000000000000 ;116.5571601198723499
83.0000000000000000 ;116.2775934867179046
84.0000000000000000 ;115.9314916875669752
85.0000000000000000 ;115.5189869728137353
86.0000000000000000 ;115.0402790678617180
87.0000000000000000 ;114.4956349198865269
88.0000000000000000 ;113.8853883860652729
89.0000000000000000 ;113.2099398822643792
90.0000000000000000 ;112.4697559403707459
91.0000000000000000 ;111.6653686995687735
92.0000000000000000 ;110.7973753647371495
93.0000000000000000 ;109.8664375829523436
94.0000000000000000 ;108.8732807386420234
95.0000000000000000 ;107.8186932307977344
96.0000000000000000 ;106.7035256681826354
97.0000000000000000 ;105.5286899873960209
98.0000000000000000 ;104.2951585316104968
99.0000000000000000 ;103.0039630750174666
100.0000000000000000 ;101.6561937886667693
101.0000000000000000 ;100.3177504648522245
102.0000000000000000 ;99.0497665546150472
103.0000000000000000 ;97.8466087717942230
104.0000000000000000 ;96.7031177067533463
105.0000000000000000 ;95.6145677615791101
106.0000000000000000 ;94.5766304714952213
107.0000000000000000 ;93.5853409295585266
108.0000000000000000 ;92.6370670533373755
109.0000000000000000 ;91.7284814468998349
110.0000000000000000 ;90.8565356482212820
111.0000000000000000 ;90.0184365567701548
112.0000000000000000 ;89.2116248504971168
113.0000000000000000 ;88.4337552287800719
114.0000000000000000 ;87.6826783300199395
115.0000000000000000 ;86.9564241789243937
116.0000000000000000 ;86.2531870308757647
117.0000000000000000 ;85.5713115017362327
118.0000000000000000 ;84.9092798675895040
119.0000000000000000 ;84.2657004423706439
120.0000000000000000 ;83.6392969383406637
121.0000000000000000 ;83.0288987220008607
122.0000000000000000 ;82.4334319006353837
123.0000000000000000 ;81.8519111579261107
124.0000000000000000 ;81.2834322803222165
125.0000000000000000 ;80.7271653203545725
126.0000000000000000 ;80.1823483333162983
127.0000000000000000 ;79.6482816471360167
128.0000000000000000 ;79.1243226150367605
129.0000000000000000 ;78.6098808090187333
130.0000000000000000 ;78.1044136262269149
131.0000000000000000 ;77.6074222636304683
132.0000000000000000 ;77.1184480315863681
133.0000000000000000 ;76.6370689807511809
134.0000000000000000 ;76.1628968142399572
135.0000000000000000 ;75.6955740625378724
136.0000000000000000 ;75.2347714939715786
137.0000000000000000 ;74.7801857442783557
138.0000000000000000 ;74.3315371480909164
139.0000000000000000 ;73.8885677571318240
140.0000000000000000 ;73.4510395208431817
141.0000000000000000 ;73.0187326195089668
142.0000000000000000 ;72.5914439429065226
143.0000000000000000 ;72.1689856960484377
144.0000000000000000 ;71.7511841226642559
145.0000000000000000 ;71.3378783350126753
146.0000000000000000 ;70.9289192441635663
147.0000000000000000 ;70.5241685806598042
148.0000000000000000 ;70.1234979946348460
149.0000000000000000 ;69.7267882369539080
150.0000000000000000 ;69.3339284092756003
151.0000000000000000 ;68.9448152711241846
152.0000000000000000 ;68.5593526119742194
153.0000000000000000 ;68.1774506729210259
154.0000000000000000 ;67.7990256190389147
155.0000000000000000 ;67.4239990543393191
156.0000000000000000 ;67.0522975779820172
157.0000000000000000 ;66.6838523808623194
158.0000000000000000 ;66.3185988715357695
159.0000000000000000 ;65.9564763368596942
160.0000000000000000 ;65.5974276312334581
161.0000000000000000 ;65.2413988887407044
162.0000000000000000 ;64.8883392612678733
163.0000000000000000 ;64.5382006818038576
164.0000000000000000 ;64.1909376427872189
165.0000000000000000 ;63.8465069964700831
166.0000000000000000 ;63.5048677702353501
167.0000000000000000 ;63.1659809976693225
168.0000000000000000 ;62.8298095635824154
169.0000000000000000 ;62.4963180622739571
170.0000000000000000 ;62.1654726674459965
171.0000000000000000 ;61.8372410132566870
172.0000000000000000 ;61.5115920867352770
173.0000000000000000 ;61.1884961261096407
174.0000000000000000 ;60.8679245308165662
175.0000000000000000 ;60.5498497757475036
176.0000000000000000 ;60.2342453327444503
177.0000000000000000 ;59.9210856018206641
178.0000000000000000 ;59.6103458481025115
179.0000000000000000 ;59.3020021390924512
180.0000000000000000 ;58.9960312889238168
181.0000000000000000 ;58.6924108119621621
182.0000000000000000 ;58.3911188753682353
183.0000000000000000 ;58.0921342556747362
184.0000000000000000 ;57.7954363004865002
185.0000000000000000 ;57.5010048933755371
186.0000000000000000 ;57.2088204183286848
187.0000000000000000 ;56.9188637321699957
188.0000000000000000 ;56.6311161389406976
189.0000000000000000 ;56.3455593584478436
190.0000000000000000 ;56.0621755038911402
191.0000000000000000 ;55.7809470644291565
192.0000000000000000 ;55.5018568826252618
193.0000000000000000 ;55.2248881354952204
194.0000000000000000 ;54.9500243168813682
195.0000000000000000 ;54.6772492214220307
196.0000000000000000 ;54.4065469312403280
197.0000000000000000 ;54.1379018038172859
198.0000000000000000 ;53.8712984590257236
199.0000000000000000 ;53.6067217640899827
200.0000000000000000 ;53.3441568245564923
201.0000000000000000 ;53.1483413101582585
202.0000000000000000 ;53.0791906456831839
203.0000000000000000 ;53.1297988010043269
204.0000000000000000 ;53.2936801521900918
205.0000000000000000 ;53.5647307226017375
206.0000000000000000 ;53.9371928739697353
207.0000000000000000 ;54.4056231420892402
208.0000000000000000 ;54.9648629393478814
209.0000000000000000 ;55.6100119286982846
210.0000000000000000 ;56.3364038395417595
211.0000000000000000 ;57.1395844612496688
212.0000000000000000 ;58.0152917015015817
213.0000000000000000 ;58.9594375298436262
214.0000000000000000 ;59.9680915925988813
215.0000000000000000 ;61.0374664033734433
216.0000000000000000 ;62.1639040078888030
217.0000000000000000 ;63.3438639267066321
218.0000000000000000 ;64.5739123057321791
219.0000000000000000 ;65.8507121859254880
220.0000000000000000 ;67.1710147774290363
221.0000000000000000 ;68.5316516742948636
222.0000000000000000 ;69.9295278930646589
223.0000000000000000 ;71.3616156993610389
224.0000000000000000 ;72.8249491535725610
225.0000000000000000 ;74.3166193187343538
226.0000000000000000 ;75.8337700302789699
227.0000000000000000 ;77.3735942274937258
228.0000000000000000 ;78.9333307874789227
229.0000000000000000 ;80.5102618092561215
230.0000000000000000 ;82.1017103235486729
231.0000000000000000 ;83.7050383494683388
232.0000000000000000 ;85.3176453356546176
233.0000000000000000 ;86.9369668969548997
234.0000000000000000 ;88.5604738378586660
235.0000000000000000 ;90.1856714186794619
236.0000000000000000 ;91.8100988901508970
237.0000000000000000 ;93.4313292293229836
238.0000000000000000 ;95.0469690385235424
239.0000000000000000 ;96.6546586761619722
240.0000000000000000 ;98.2520724903609732
241.0000000000000000 ;99.8369192199279638
242.0000000000000000 ;101.4069425139261114
243.0000000000000000 ;102.9599215362379283
244.0000000000000000 ;104.4936717212802364
245.0000000000000000 ;106.0060455791226559
246.0000000000000000 ;107.4949335838666968
247.0000000000000000 ;108.9582651224293386
248.0000000000000000 ;110.3940094835506045
249.0000000000000000 ;111.8001769411304451
250.0000000000000000 ;113.1748198358218644
251.0000000000000000 ;114.5160336873391742
252.0000000000000000 ;115.8219583443777196
253.0000000000000000 ;117.0907791478922491
254.0000000000000000 ;118.3207280972509636
255.0000000000000000 ;119.5100850141871547
256.0000000000000000 ;120.6571787437982692
257.0000000000000000 ;121.7603883080222147
258.0000000000000000 ;122.8181440579533046
259.0000000000000000 ;123.8289288164376813
260.0000000000000000 ;124.7912789970563523
261.0000000000000000 ;125.7037857288652845
262.0000000000000000 ;126.5650959024012110
263.0000000000000000 ;127.3739132163476029
264.0000000000000000 ;128.1289991942723532
265.0000000000000000 ;128.8291741414663250
266.0000000000000000 ;129.4733181085318847
267.0000000000000000 ;130.0603717565950603
268.0000000000000000 ;130.5893372147376965
269.0000000000000000 ;131.0592788980107457
270.0000000000000000 ;131.4693242445630119
271.0000000000000000 ;131.8186644203299807
272.0000000000000000 ;132.1065549749350510
273.0000000000000000 ;132.3323164588924499
274.0000000000000000 ;132.4953349493546853
275.0000000000000000 ;132.5950625466055044
276.0000000000000000 ;132.6310178076380453
277.0000000000000000 ;132.6027861274539248
278.0000000000000000 ;132.5100200527636218
279.0000000000000000 ;132.3524879243028920
280.0000000000000000 ;132.1301184272657281
281.0000000000000000 ;131.8428392948472663
282.0000000000000000 ;131.4905378045464204
283.0000000000000000 ;131.0731719936926822
284.0000000000000000 ;130.5907703710683734
285.0000000000000000 ;130.0434315707723556
286.0000000000000000 ;129.4313239678452589
287.0000000000000000 ;128.7546852366633630
288.0000000000000000 ;128.0138218636555223
289.0000000000000000 ;127.2091086384217675
290.0000000000000000 ;126.3409880635566793
291.0000000000000000 ;125.4099697109055569
292.0000000000000000 ;124.4166295595541953
293.0000000000000000 ;123.3616092620257803
294.0000000000000000 ;122.2456153335524220
295.0000000000000000 ;121.0694183340589376
296.0000000000000000 ;119.8338519809332468
297.0000000000000000 ;118.5398121866745953
298.0000000000000000 ;117.1882560657610668
299.0000000000000000 ;115.7802008930782591
300.0000000000000000 ;114.3167230062027784
301.0000000000000000 ;112.8637089780314398
302.0000000000000000 ;111.4822796018595170
303.0000000000000000 ;110.1667894476423584
304.0000000000000000 ;108.9120674366191821
305.0000000000000000 ;107.7133767342209154
306.0000000000000000 ;106.5663780361086310
307.0000000000000000 ;105.4670959602611902
308.0000000000000000 ;104.4118882823206604
309.0000000000000000 ;103.3974177736371871
310.0000000000000000 ;102.4206264218086062
311.0000000000000000 ;101.4787118321407320
312.0000000000000000 ;100.5691056255083140
313.0000000000000000 ;99.6894536637094149
314.0000000000000000 ;98.8375979476953717
315.0000000000000000 ;98.0115600471414155
316.0000000000000000 ;97.2095259317972165
317.0000000000000000 ;96.4298320860181946
318.0000000000000000 ;95.6709527979136425
319.0000000000000000 ;94.9314885237317867
320.0000000000000000 ;94.2101552365110422
321.0000000000000000 ;93.5057746757230746
322.0000000000000000 ;92.8173705462636462
323.0000000000000000 ;92.1440985503287777
324.0000000000000000 ;91.4850861779152353
325.0000000000000000 ;90.8394848873526541
326.0000000000000000 ;90.2065150908476312
327.0000000000000000 ;89.5854603375929486
328.0000000000000000 ;88.9756619907255129
329.0000000000000000 ;88.3765143574679257
330.0000000000000000 ;87.7874602247551792
331.0000000000000000 ;87.2079867756829969
332.0000000000000000 ;86.6376218528254896
333.0000000000000000 ;86.0759305359412110
334.0000000000000000 ;85.5225120090604776
335.0000000000000000 ;84.9769966908329479
336.0000000000000000 ;84.4390436108265874
337.0000000000000000 ;83.9083380075032750
338.0000000000000000 ;83.3845891277629647
339.0000000000000000 ;82.8675282091271015
340.0000000000000000 ;82.3569066375886649
341.0000000000000000 ;81.8524942624678999
342.0000000000000000 ;81.3540778490540788
343.0000000000000000 ;80.8614596635034673
344.0000000000000000 ;80.3744561774043689
345.0000000000000000 ;79.8928968833341173
346.0000000000000000 ;79.4166232088842037
347.0000000000000000 ;78.9454875224142256
348.0000000000000000 ;78.4793522260530381
349.0000000000000000 ;78.0180889202777337
350.0000000000000000 ;77.5615776392639731
351.0000000000000000 ;77.1097061571012716
352.0000000000000000 ;76.6623693460544757
353.0000000000000000 ;76.2194685923955717
354.0000000000000000 ;75.7809112596406464
355.0000000000000000 ;75.3466101989819492
356.0000000000000000 ;74.9164833006671813
357.0000000000000000 ;74.4904530802501199
358.0000000000000000 ;74.0684463043866970
359.0000000000000000 ;73.6503936449714445
360.0000000000000000 ;73.2362293623992286
361.0000000000000000 ;72.8258910187672086
362.0000000000000000 ;72.4193192134737558
363.0000000000000000 ;72.0164573379190642
364.0000000000000000 ;71.6172513556957711
365.0000000000000000 ;71.2216495978734230
366.0000000000000000 ;70.8296025773016282
367.0000000000000000 ;70.4410628182575920
368.0000000000000000 ;70.0559847006162215
369.0000000000000000 ;69.6743243168396731
370.0000000000000000 ;69.2960393411781439
371.0000000000000000 ;68.9210889095744506
372.0000000000000000 ;68.5494335082041317
373.0000000000000000 ;68.1810348744101162
374.0000000000000000 ;67.8158559027144463
375.0000000000000000 ;67.4538605619383276
376.0000000000000000 ;67.0950138191195009
377.0000000000000000 ;66.7392815665650687
378.0000000000000000 ;66.3866305549576765
379.0000000000000000 ;66.0370283369202724
380.0000000000000000 ;65.6904432134584226
381.0000000000000000 ;65.3468441800924325
382.0000000000000000 ;65.0062008823008739
383.0000000000000000 ;64.6684835745257232
384.0000000000000000 ;64.3336630809894103
385.0000000000000000 ;64.0017107596679438
386.0000000000000000 ;63.6725984725264027
387.0000000000000000 ;63.3462985531040630
388.0000000000000000 ;63.0227837770178354
389.0000000000000000 ;62.7020273427618662
390.0000000000000000 ;62.3840028475173511
391.0000000000000000 ;62.0686842617674586
392.0000000000000000 ;61.7560459124616017
393.0000000000000000 ;61.4460624657183558
394.0000000000000000 ;61.1387089110782114
395.0000000000000000 ;60.8339605467956375
396.0000000000000000 ;60.5317929648247031
397.0000000000000000 ;60.2321820368309631
398.0000000000000000 ;59.9351039030674571
399.0000000000000000 ;59.6405349651798673
400.0000000000000000 ;59.3484518747004302
401.0000000000000000 ;59.1235838567244940
402.0000000000000000 ;59.0258379019418413
403.0000000000000000 ;59.0482995577160068
404.0000000000000000 ;59.1844747934171096
405.0000000000000000 ;59.4282512452744385
406.0000000000000000 ;59.7738629011377611
407.0000000000000000 ;60.2158579371211005
408.0000000000000000 ;60.7490694238811528
409.0000000000000000 ;61.3685887042936145
410.0000000000000000 ;62.0697412091504077
411.0000000000000000 ;62.8480644508758814
412.0000000000000000 ;63.6992880816483762
413.0000000000000000 ;64.6193158338485318
414.0000000000000000 ;65.6042091449333640
415.0000000000000000 ;66.6501723503999131
416.0000000000000000 ;67.7535393380282613
417.0000000000000000 ;68.9107614973807046
418.0000000000000000 ;70.1183968759231107
419.0000000000000000 ;71.3731004446033523
420.0000000000000000 ;72.6716153744520454
421.0000000000000000 ;74.0107652536551939
422.0000000000000000 ;75.3874471248959139
423.0000000000000000 ;76.7986253109887684
424.0000000000000000 ;78.2413259693184671
425.0000000000000000 ;79.7126322977939878
426.0000000000000000 ;81.2096802999252816
427.0000000000000000 ;82.7296551215364815
428.0000000000000000 ;84.2697878895233146
429.0000000000000000 ;85.8273529937875566
430.0000000000000000 ;87.3996657952052658
431.0000000000000000 ;88.9840806870068661
432.0000000000000000 ;90.5779895336463312
433.0000000000000000 ;92.1788204121362185
434.0000000000000000 ;93.7840366360737079
435.0000000000000000 ;95.3911360228283627
436.0000000000000000 ;96.9976504285714043
437.0000000000000000 ;98.6011454850331859
438.0000000000000000 ;100.1992204987654986
439.0000000000000000 ;101.7895085826854427
440.0000000000000000 ;103.3696768931753809
441.0000000000000000 ;104.9374270280435439
442.0000000000000000 ;106.4904955529706854
443.0000000000000000 ;108.0266546057067387
444.0000000000000000 ;109.5437126484471264
445.0000000000000000 ;111.0395152762485793
446.0000000000000000 ;112.5119461084166801
447.0000000000000000 ;113.9589277334779069
448.0000000000000000 ;115.3784227047102320
449.0000000000000000 ;116.7684346224110925
450.0000000000000000 ;118.1270092151672628
451.0000000000000000 ;119.4522354544691325
452.0000000000000000 ;120.7422467040242822
453.0000000000000000 ;121.9952218885511286
454.0000000000000000 ;123.2093866521470744
455.0000000000000000 ;124.3830145283076547
456.0000000000000000 ;125.5144281459957085
457.0000000000000000 ;126.6020003783924750
458.0000000000000000 ;127.6441554972430197
459.0000000000000000 ;128.6393703173002336
460.0000000000000000 ;129.5861753137135679
461.0000000000000000 ;130.4831557486727434
462.0000000000000000 ;131.3289527189572254
463.0000000000000000 ;132.1222642074740747
464.0000000000000000 ;132.8618460943293371
465.0000000000000000 ;133.5465131123174558
466.0000000000000000 ;134.1751398184335926
467.0000000000000000 ;134.7466614601566448
468.0000000000000000 ;135.2600748303851503
469.0000000000000000 ;135.7144390834421017
470.0000000000000000 ;136.1088764766261079
471.0000000000000000 ;136.4425730757585029
472.0000000000000000 ;136.7147794118617128
473.0000000000000000 ;136.9248110957880442
474.0000000000000000 ;137.0720493449746584
475.0000000000000000 ;137.1559414872162392
476.0000000000000000 ;137.1760013877894551
477.0000000000000000 ;137.1318098317707950
478.0000000000000000 ;137.0230148413691040
479.0000000000000000 ;136.8493319109068409
480.0000000000000000 ;136.6105442203968323
481.0000000000000000 ;136.3065027752842582
482.0000000000000000 ;135.9371264715294956
483.0000000000000000 ;135.5024020934098132
484.0000000000000000 ;135.0023842690416700
485.0000000000000000 ;134.4371953526065795
486.0000000000000000 ;133.8070252486778031
487.0000000000000000 ;133.1121311587053526
488.0000000000000000 ;132.3528372689423236
489.0000000000000000 ;131.5295343988067884
490.0000000000000000 ;130.6426795578666997
491.0000000000000000 ;129.6927954367519646
492.0000000000000000 ;128.6804698651702097
493.0000000000000000 ;127.6063551880144615
494.0000000000000000 ;126.4711675601075314
495.0000000000000000 ;125.2756862229943096
496.0000000000000000 ;124.0207526997187841
497.0000000000000000 ;122.7072699124488935
498.0000000000000000 ;121.3362012607661313
499.0000000000000000 ;119.9085696456567263
500.0000000000000000 ;118.4254564348908190
501.0000000000000000 ;116.9527526869427874
502.0000000000000000 ;115.5515831880250630
503.0000000000000000 ;114.2163060556651999
504.0000000000000000 ;112.9417533519568195
505.0000000000000000 ;111.7231910182794365
506.0000000000000000 ;110.5562821962324165
507.0000000000000000 ;109.4370536518495243
508.0000000000000000 ;108.3618650417948857
509.0000000000000000 ;107.3273807748685158
510.0000000000000000 ;106.3305442589310559
511.0000000000000000 ;105.3685543280068089
512.0000000000000000 ;104.4388436587909581
513.0000000000000000 ;103.5390590131134303
514.0000000000000000 ;102.6670431550543725
515.0000000000000000 ;101.8208182977492271
516.0000000000000000 ;100.9985709472793332
517.0000000000000000 ;100.1986380320014121
518.0000000000000000 ;99.4194942018156524
519.0000000000000000 ;98.6597402053237147
520.0000000000000000 ;97.9180922498338049
521.0000000000000000 ;97.1933722568076632
522.0000000000000000 ;96.4844989479382207
523.0000000000000000 ;95.7904796803020986
524.0000000000000000 ;95.1104029722691848
525.0000000000000000 ;94.4434316663598139
526.0000000000000000 ;93.7887966654707270
527.0000000000000000 ;93.1457912022966070
528.0000000000000000 ;92.5137655915399648
529.0000000000000000 ;91.8921224229477502
530.0000000000000000 ;91.2803121672357634
531.0000000000000000 ;90.6778291503278524
532.0000000000000000 ;90.0842078664820463
533.0000000000000000 ;89.4990196047681650
534.0000000000000000 ;88.9218693607952417
535.0000000000000000 ;88.3523930111949483
536.0000000000000000 ;87.7902547236675730
537.0000000000000000 ;87.2351445861290955
538.0000000000000000 ;86.6867764377765724
539.0000000000000000 ;86.1448858868666036
540.0000000000000000 ;85.6092284909318550
541.0000000000000000 ;85.0795780894933671
542.0000000000000000 ;84.5557252823051044
543.0000000000000000 ;84.0374760346918492
544.0000000000000000 ;83.5246504006300654
545.0000000000000000 ;83.0170813521621653
546.0000000000000000 ;82.5146137092838217
547.0000000000000000 ;82.0171031602137361
548.0000000000000000 ;81.5244153611226352
549.0000000000000000 ;81.0364251168883953
550.0000000000000000 ;80.5530156307749934
551.0000000000000000 ;80.0740778111247238
552.0000000000000000 ;79.5995096430659146
553.0000000000000000 ;79.1292156098093358
554.0000000000000000 ;78.6631061646354226
555.0000000000000000 ;78.2010972454840214
556.0000000000000000 ;77.7431098308003925
557.0000000000000000 ;77.2890695357598929
558.0000000000000000 ;76.8389062378329299
559.0000000000000000 ;76.3925537370699459
560.0000000000000000 ;75.9499494449874391
561.0000000000000000 ;75.5110340963591113
562.0000000000000000 ;75.0757514869859790
563.0000000000000000 ;74.6440482366502351
564.0000000000000000 ;74.2158735671196581
565.0000000000000000 ;73.7911791021712133
566.0000000000000000 ;73.3699186825706846
567.0000000000000000 ;72.9520481968104946
568.0000000000000000 ;72.5375254257982647
569.0000000000000000 ;72.1263099007919664
570.0000000000000000 ;71.7183627729867936
571.0000000000000000 ;71.3136466942442695
572.0000000000000000 ;70.9121257091854318
573.0000000000000000 ;70.5137651531991594
574.0000000000000000 ;70.1185315621357859
575.0000000000000000 ;69.7263925862388163
576.0000000000000000 ;69.3373169113290118
577.0000000000000000 ;68.9512741897160879
578.0000000000000000 ;68.5682349768338497
579.0000000000000000 ;68.1881706681988220
580.0000000000000000 ;67.8110534433635053
581.0000000000000000 ;67.4368562192179724
582.0000000000000000 ;67.0655526022561190
583.0000000000000000 ;66.6971168448575895
584.0000000000000000 ;66.3315238066957988
585.0000000000000000 ;65.9687489193429997
586.0000000000000000 ;65.6087681504302367
587.0000000000000000 ;65.2515579757844648
588.0000000000000000 ;64.8970953535254722
589.0000000000000000 ;64.5453576923336385
590.0000000000000000 ;64.1963228287983441
591.0000000000000000 ;63.8499690097077917
592.0000000000000000 ;63.5062748692208174
593.0000000000000000 ;63.1652194096426314
594.0000000000000000 ;62.8267819835291732
595.0000000000000000 ;62.4909422773890242
596.0000000000000000 ;62.1576802981067402
597.0000000000000000 ;61.8269763605525924
598.0000000000000000 ;61.4988110743552880
599.0000000000000000 ;61.1731653286026642
600.0000000000000000 ;60.8500202825549650
601.0000000000000000 ;60.5941096912545305
602.0000000000000000 ;60.4653450961411778
603.0000000000000000 ;60.4568166148313253
604.0000000000000000 ;60.5620348019795642
605.0000000000000000 ;60.7748918901289130
606.0000000000000000 ;61.0896264805425062
607.0000000000000000 ;61.5007913786558760
608.0000000000000000 ;62.0032242963637685
609.0000000000000000 ;62.5920212257535837
610.0000000000000000 ;63.2625122547517833
611.0000000000000000 ;64.0102395604099996
612.0000000000000000 ;64.8309374670097611
613.0000000000000000 ;65.7205143893892796
614.0000000000000000 ;66.6750364476241515
615.0000000000000000 ;67.6907126573055393
616.0000000000000000 ;68.7638815941465680
617.0000000000000000 ;69.8909993364827926
618.0000000000000000 ;71.0686286155532798
619.0000000000000000 ;72.2934290849909758
620.0000000000000000 ;73.5621485947317808
621.0000000000000000 ;74.8716154055241816
622.0000000000000000 ;76.2187312272941995
623.0000000000000000 ;77.6004650455228386
624.0000000000000000 ;79.0138476667193004
625.0000000000000000 ;80.4559669260911932
626.0000000000000000 ;81.9239634570868418
627.0000000000000000 ;83.4150270226458304
628.0000000000000000 ;84.9263933489518479
629.0000000000000000 ;86.4553414093373362
630.0000000000000000 ;87.9991911338620980
631.0000000000000000 ;89.5553014657996300
632.0000000000000000 ;91.1210688025774829
633.0000000000000000 ;92.6939257322604533
634.0000000000000000 ;94.2713400567890432
635.0000000000000000 ;95.8508140579675683
636.0000000000000000 ;97.4298840318674735
637.0000000000000000 ;99.0061200245329474
638.0000000000000000 ;100.5771257307527549
639.0000000000000000 ;102.1405386246762959
640.0000000000000000 ;103.6940301932588397
641.0000000000000000 ;105.2353063370479731
642.0000000000000000 ;106.7621078895714675
643.0000000000000000 ;108.2722112217186492
644.0000000000000000 ;109.7634289972751276
645.0000000000000000 ;111.2336109778620852
646.0000000000000000 ;112.6806449111378186
647.0000000000000000 ;114.1024574794051603
648.0000000000000000 ;115.4970152884442598
649.0000000000000000 ;116.8623259506760093
650.0000000000000000 ;118.1964391665833887
651.0000000000000000 ;119.4974478368488633
652.0000000000000000 ;120.7634892121050854
653.0000000000000000 ;121.9927460560452204
654.0000000000000000 ;123.1834478114106162
655.0000000000000000 ;124.3338717637770117
656.0000000000000000 ;125.4423442423898507
657.0000000000000000 ;126.5072417734780998
658.0000000000000000 ;127.5269922324087588
659.0000000000000000 ;128.5000759861222548
660.0000000000000000 ;129.4250270119571269
661.0000000000000000 ;130.3004340222322242
662.0000000000000000 ;131.1249415100967042
663.0000000000000000 ;131.8972507960408223
664.0000000000000000 ;132.6161210444801952
665.0000000000000000 ;133.2803702204417107
666.0000000000000000 ;133.8888760530008426
667.0000000000000000 ;134.4405769003439843
668.0000000000000000 ;134.9344726070513616
669.0000000000000000 ;135.3696253219633832
670.0000000000000000 ;135.7451602351621602
671.0000000000000000 ;136.0602662825156699
672.0000000000000000 ;136.3141968014345196
673.0000000000000000 ;136.5062701479322413
674.0000000000000000 ;136.6358702222304942
675.0000000000000000 ;136.7024469651117329
676.0000000000000000 ;136.7055167913576383
677.0000000000000000 ;136.6446629709098488
678.0000000000000000 ;136.5195359424329240
679.0000000000000000 ;136.3299019554946483
680.0000000000000000 ;136.0756876208636754
681.0000000000000000 ;135.7568186139187958
682.0000000000000000 ;135.3731801708180171
683.0000000000000000 ;134.9247283038939145
684.0000000000000000 ;134.4114895131448293
685.0000000000000000 ;133.8335604399688066
686.0000000000000000 ;133.1911074826600156
687.0000000000000000 ;132.4843663546750463
688.0000000000000000 ;131.7136415972227894
689.0000000000000000 ;130.8793060702578543
690.0000000000000000 ;129.9818003621786318
691.0000000000000000 ;129.0216321459603819
692.0000000000000000 ;127.9993755170217185
693.0000000000000000 ;126.9156702593003700
694.0000000000000000 ;125.7712210344034389
695.0000000000000000 ;124.5667965634717120
696.0000000000000000 ;123.3032287398310984
697.0000000000000000 ;121.9814116665231154
698.0000000000000000 ;120.6023006630553880
699.0000000000000000 ;119.1669112237142656
700.0000000000000000 ;117.6763179197333926
701.0000000000000000 ;116.1964055718086541
702.0000000000000000 ;114.7882932350632927
703.0000000000000000 ;113.4463337551971307
704.0000000000000000 ;112.1653543429989384
705.0000000000000000 ;110.9406164671438546
706.0000000000000000 ;109.7677791401220446
707.0000000000000000 ;108.6428653102176440
708.0000000000000000 ;107.5622310967462454
709.0000000000000000 ;106.5225376279927900
710.0000000000000000 ;105.5207252616449978
711.0000000000000000 ;104.5539899861482098
712.0000000000000000 ;103.6197618184621092
713.0000000000000000 ;102.7156850293111461
714.0000000000000000 ;101.8396000413119964
715.0000000000000000 ;100.9895268584419057
716.0000000000000000 ;100.1636498972882947
717.0000000000000000 ;99.3603041014795281
718.0000000000000000 ;98.5779622307335899
719.0000000000000000 ;97.8152232251443081
720.0000000000000000 ;97.0708015537346967
721.0000000000000000 ;96.3435174640027299
722.0000000000000000 ;95.6323931808159102
723.0000000000000000 ;94.9365829381917337
724.0000000000000000 ;94.2552127697032631
725.0000000000000000 ;93.5874326889171044
726.0000000000000000 ;92.9324616748443049
727.0000000000000000 ;92.2895818549567934
728.0000000000000000 ;91.6581331820535752
729.0000000000000000 ;91.0375085643109969
730.0000000000000000 ;90.4271494008192604
731.0000000000000000 ;89.8265414979409371
732.0000000000000000 ;89.2352113325396203
733.0000000000000000 ;88.6527226295978323
734.0000000000000000 ;88.0786732292168324
735.0000000000000000 ;87.5126922168771273
736.0000000000000000 ;86.9544372996516017
737.0000000000000000 ;86.4035924040953773
738.0000000000000000 ;85.8598654757054049
739.0000000000000000 ;85.3229864610196671
740.0000000000000000 ;84.7927054653838184
741.0000000000000000 ;84.2687910677242229
742.0000000000000000 ;83.7510287731075209
743.0000000000000000 ;83.2392195975572520
744.0000000000000000 ;82.7331787725380821
745.0000000000000000 ;82.2327345604326325
746.0000000000000000 ;81.7377271684871118
747.0000000000000000 ;81.2480077544865082
748.0000000000000000 ;80.7634375196773817
749.0000000000000000 ;80.2838868732692674
750.0000000000000000 ;79.8092346677080684
751.0000000000000000 ;79.3393675048150726
752.0000000000000000 ;78.8741790939723728
753.0000000000000000 ;78.4135696678798979
754.0000000000000000 ;77.9574454457175392
755.0000000000000000 ;77.5057181435034863
756.0000000000000000 ;77.0583045253999899
757.0000000000000000 ;76.6151259898912684
758.0000000000000000 ;76.1761081955074957
759.0000000000000000 ;75.7411807148895093
760.0000000000000000 ;75.3102767179795478
761.0000000000000000 ;74.8833326851528511
762.0000000000000000 ;74.4602881427465064
763.0000000000000000 ;74.0410854176907947
764.0000000000000000 ;73.6256694176310873
765.0000000000000000 ;73.2139874261440013
766.0000000000000000 ;72.8059889169728365
767.0000000000000000 ;72.4016253836080637
768.0000000000000000 ;72.0008501833907530
769.0000000000000000 ;71.6036183944360403
770.0000000000000000 ;71.2098866847684064
771.0000000000000000 ;70.8196131921611993
772.0000000000000000 ;70.4327574126122613
773.0000000000000000 ;70.0492801012145776
774.0000000000000000 ;69.6691431781045623
775.0000000000000000 ;69.2923096455191967
776.0000000000000000 ;68.9187435116507601
777.0000000000000000 ;68.5484097176378810
778.0000000000000000 ;68.1812740706101437
779.0000000000000000 ;67.8173031871919818
780.0000000000000000 ;67.4564644398843853
781.0000000000000000 ;67.0987259031370655
782.0000000000000000 ;66.7440563087325387
783.0000000000000000 ;66.3924250047321038
784.0000000000000000 ;66.0438019162343721
785.0000000000000000 ;65.6981575092903398
786.0000000000000000 ;65.3554627610811849
787.0000000000000000 ;65.0156891274462083
788.0000000000000000 ;64.6788085133295851
789.0000000000000000 ;64.3447932535237044
790.0000000000000000 ;64.0136160884231344
791.0000000000000000 ;63.6852501385842800
792.0000000000000000 ;63.3596688878345589
793.0000000000000000 ;63.0368461659210340
794.0000000000000000 ;62.7167561327089516
795.0000000000000000 ;62.3993732634202871
796.0000000000000000 ;62.0846723335661608
797.0000000000000000 ;61.7726284049059871
798.0000000000000000 ;61.4632168142710782
799.0000000000000000 ;61.1564131663178898
800.0000000000000000 ;60.8521933219705318
801.0000000000000000 ;60.6152857220461243
802.0000000000000000 ;60.5055965792354726
803.0000000000000000 ;60.5162106691321497
804.0000000000000000 ;60.6406331955153775
805.0000000000000000 ;60.8727510351532572
806.0000000000000000 ;61.2067974225148816
807.0000000000000000 ;61.6373197863655093
808.0000000000000000 ;62.1591504559965813
809.0000000000000000 ;62.7673800388543413
810.0000000000000000 ;63.4573332361893421
811.0000000000000000 ;64.2245468367255512
812.0000000000000000 ;65.0647497747352190
813.0000000000000000 ;65.9738450704407740
814.0000000000000000 ;66.9478934548427844
815.0000000000000000 ;67.9830985626380908
816.0000000000000000 ;69.0757935864174186
817.0000000000000000 ;70.2224292261197576
818.0000000000000000 ;71.4195628451089988
819.0000000000000000 ;72.6638487357083420
820.0000000000000000 ;73.9520293957569805
821.0000000000000000 ;75.2809277456393886
822.0000000000000000 ;76.6474401655839017
823.0000000000000000 ;78.0485303212540771
824.0000000000000000 ;79.4812237181451877
825.0000000000000000 ;80.9426029074959246
826.0000000000000000 ;82.4298032513235910
827.0000000000000000 ;83.9400092590956604
828.0000000000000000 ;85.4704514264461324
829.0000000000000000 ;87.0184035170692454
830.0000000000000000 ;88.5811802706471525
831.0000000000000000 ;90.1561354641899868
832.0000000000000000 ;91.7406603508650562
833.0000000000000000 ;93.3321824012924992
834.0000000000000000 ;94.9281643275321017
835.0000000000000000 ;96.5261033502322476
836.0000000000000000 ;98.1235307336205267
837.0000000000000000 ;99.7180115222230086
838.0000000000000000 ;101.3071444400886492
839.0000000000000000 ;102.8885620222953605
840.0000000000000000 ;104.4599308520128744
841.0000000000000000 ;106.0189519584261149
842.0000000000000000 ;107.5633613431451465
843.0000000000000000 ;109.0909305843654096
844.0000000000000000 ;110.5994675892078760
845.0000000000000000 ;112.0868174020989869
846.0000000000000000 ;113.5508630961225833
847.0000000000000000 ;114.9895267179566787
848.0000000000000000 ;116.4007702833690843
849.0000000000000000 ;117.7825968594505781
850.0000000000000000 ;119.1330516458503865
851.0000000000000000 ;120.4502230893561574
852.0000000000000000 ;121.7322440331738420
853.0000000000000000 ;122.9772928856874898
854.0000000000000000 ;124.1835947787941592
855.0000000000000000 ;125.3494227378899240
856.0000000000000000 ;126.4730988879061897
857.0000000000000000 ;127.5529956020283322
858.0000000000000000 ;128.5875366560086661
859.0000000000000000 ;129.5751983725783987
860.0000000000000000 ;130.5145107388048018
861.0000000000000000 ;131.4040585327030044
862.0000000000000000 ;132.2424823707544874
863.0000000000000000 ;133.0284797594138695
864.0000000000000000 ;133.7608061061492606
865.0000000000000000 ;134.4382756749014618
866.0000000000000000 ;135.0597625575656764
867.0000000000000000 ;135.6242015402447691
868.0000000000000000 ;136.1305889581551583
869.0000000000000000 ;136.5779835116020990
870.0000000000000000 ;136.9655070075015146
871.0000000000000000 ;137.2923450648980292
872.0000000000000000 ;137.5577477716144585
873.0000000000000000 ;137.7610302988518924
874.0000000000000000 ;137.9015734279163325
875.0000000000000000 ;137.9788240539631374
876.0000000000000000 ;137.9922956130935461
877.0000000000000000 ;137.9415684646447460
878.0000000000000000 ;137.8262902084950667
879.0000000000000000 ;137.6461759200175266
880.0000000000000000 ;137.4010083636301545
881.0000000000000000 ;137.0906381325104917
882.0000000000000000 ;136.7149837136521171
883.0000000000000000 ;136.2740314856399380
884.0000000000000000 ;135.7678356741461130
885.0000000000000000 ;135.1965182341299681
886.0000000000000000 ;134.5602686741391096
887.0000000000000000 ;133.8593438027683646
888.0000000000000000 ;133.0940674165612450
889.0000000000000000 ;132.2648299483462893
890.0000000000000000 ;131.3720880241970690
891.0000000000000000 ;130.4163639543197348
892.0000000000000000 ;129.3982451910437419
893.0000000000000000 ;128.3183837049055569
894.0000000000000000 ;127.1774952793685998
895.0000000000000000 ;125.9763587875917068
896.0000000000000000 ;124.7158153871821611
897.0000000000000000 ;123.3967676377970974
898.0000000000000000 ;122.0201785794096878
899.0000000000000000 ;120.5870707562768160
900.0000000000000000 ;119.0985251822956457
901.0000000000000000 ;117.6204325649006392
902.0000000000000000 ;116.2139173420749643
903.0000000000000000 ;114.8733372859050093
904.0000000000000000 ;113.5935241158088900
905.0000000000000000 ;112.3697434332343192
906.0000000000000000 ;111.1976580425704526
907.0000000000000000 ;110.0732943753406232
908.0000000000000000 ;108.9930117563768306
909.0000000000000000 ;107.9534742653037824
910.0000000000000000 ;106.9516249834422297
911.0000000000000000 ;105.9846624208910839
912.0000000000000000 ;105.0500189330135754
913.0000000000000000 ;104.1453409628803968
914.0000000000000000 ;103.2684709583646168
915.0000000000000000 ;102.4174308189262490
916.0000000000000000 ;101.5904067394825887
917.0000000000000000 ;100.7857353397177178
918.0000000000000000 ;100.0018909633304816
919.0000000000000000 ;99.2374740551727683
920.0000000000000000 ;98.4912005212349868
921.0000000000000000 ;97.7618919840735145
922.0000000000000000 ;97.0484668688691841
923.0000000000000000 ;96.3499322385603705
924.0000000000000000 ;95.6653763197338378
925.0000000000000000 ;94.9939616654628480
926.0000000000000000 ;94.3349188915145618
927.0000000000000000 ;93.6875409457528860
928.0000000000000000 ;93.0511778603301423
929.0000000000000000 ;92.4252319447051889
930.0000000000000000 ;91.8091533915499554
931.0000000000000000 ;91.2024362509704360
932.0000000000000000 ;90.6046147436151870
933.0000000000000000 ;90.0152598871351870
934.0000000000000000 ;89.4339764078936810
935.0000000000000000 ;88.8603999154323105
936.0000000000000000 ;88.2941943124997124
937.0000000000000000 ;87.7350494241815113
938.0000000000000000 ;87.1826788289488661
939.0000000000000000 ;86.6368178764197694
940.0000000000000000 ;86.0972218675591989
941.0000000000000000 ;85.5636643873746436
942.0000000000000000 ;85.0359357831442395
943.0000000000000000 ;84.5138417697384057
944.0000000000000000 ;83.9972021526844230
945.0000000000000000 ;83.4858496575647848
946.0000000000000000 ;82.9796288598884502
947.0000000000000000 ;82.4783952053448957
948.0000000000000000 ;81.9820141095174506
949.0000000000000000 ;81.4903601386227479
950.0000000000000000 ;81.0033162591743690
951.0000000000000000 ;80.5207731446598132
952.0000000000000000 ;80.0426285472328516
953.0000000000000000 ;79.5687867189951135
954.0000000000000000 ;79.0991578839680756
955.0000000000000000 ;78.6336577526683413
956.0000000000000000 ;78.1722070779386655
957.0000000000000000 ;77.7147312511581845
958.0000000000000000 ;77.2611599277929884
959.0000000000000000 ;76.8114266876664828
960.0000000000000000 ;76.3654687238315262
961.0000000000000000 ;75.9232265543471954
962.0000000000000000 ;75.4846437600350271
963.0000000000000000 ;75.0496667474189394
964.0000000000000000 ;74.6182445267158556
965.0000000000000000 ;74.1903285118456921
966.0000000000000000 ;73.7658723353973187
967.0000000000000000 ;73.3448316793531205
968.0000000000000000 ;72.9271641197639156
969.0000000000000000 ;72.5128289846711880
970.0000000000000000 ;72.1017872236805886
971.0000000000000000 ;71.6940012886781517
972.0000000000000000 ;71.2894350259105352
973.0000000000000000 ;70.8880535739803861
974.0000000000000000 ;70.4898232735275627
975.0000000000000000 ;70.0947115811478625
976.0000000000000000 ;69.7026869905647999
977.0000000000000000 ;69.3137189635288706
978.0000000000000000 ;68.9277778664403513
979.0000000000000000 ;68.5448349072958081
980.0000000000000000 ;68.1648620796289606
981.0000000000000000 ;67.7878321158006116
982.0000000000000000 ;67.4137184392526905
983.0000000000000000 ;67.0424951207785682
984.0000000000000000 ;66.6741368399191714
985.0000000000000000 ;66.3086188495564670
986.0000000000000000 ;65.9459169400619345
987.0000000000000000 ;65.5860074114222016
988.0000000000000000 ;65.2288670473244707
989.0000000000000000 ;64.8744730834132071
990.0000000000000000 ;64.5228031846272785
991.0000000000000000 ;64.1738354274786218
992.0000000000000000 ;63.8275482772131539
993.0000000000000000 ;63.4839205685754990
994.0000000000000000 ;63.1429314879026720
995.0000000000000000 ;62.8045605568150620
996.0000000000000000 ;62.4687876186291930
997.0000000000000000 ;62.1355928259569765
998.0000000000000000 ;61.8049566274678028
999.0000000000000000 ;61.4768597525788607
1000.0000000000000000 ;61.1512832021582540
